Images,Grades
https://d1w8cc2yygc27j.cloudfront.net/-85896679955281398/4100726880426125669.jpg,10
https://d1w8cc2yygc27j.cloudfront.net/-5113461473555208961/-4922807064333124957.jpg,9
https://d1w8cc2yygc27j.cloudfront.net/-161333251341883149/67366637122892740.jpg,10
https://d1w8cc2yygc27j.cloudfront.net/3060327578365250722/220986809455990447.jpg,10
https://d1w8cc2yygc27j.cloudfront.net/1686319342041389557/-7586868963857541746.jpg,10
https://d1w8cc2yygc27j.cloudfront.net/234265176279789790/-2987465246152584822.jpg,10
https://d1w8cc2yygc27j.cloudfront.net/6271377437474194661/3039304845398049095.jpg,10
https://d1w8cc2yygc27j.cloudfront.net/-1273915678084705759/6963179397544844671.jpg,10
https://d1w8cc2yygc27j.cloudfront.net/4435595151428474253/-2435996422249756383.jpg,10
https://d1w8cc2yygc27j.cloudfront.net/-6412027951910576353/2962923242838682457.jpg,10
https://d1w8cc2yygc27j.cloudfront.net/-327941826106005214/-4418893425852980542.jpg,10
https://d1w8cc2yygc27j.cloudfront.net/-7186556266543756212/-8838437861018281902.jpg,10
https://d1w8cc2yygc27j.cloudfront.net/-4938933385493884266/733224140722612757.jpg,10
https://d1w8cc2yygc27j.cloudfront.net/-8833366250981831090/-3456369558361599022.jpg,10
https://d1w8cc2yygc27j.cloudfront.net/2789929725979833598/5029208596441422197.jpg,10
https://d1w8cc2yygc27j.cloudfront.net/-6684619735344699628/8288579498145090666.jpg,10
https://d1w8cc2yygc27j.cloudfront.net/14151801703259419/-4957646329140852223.jpg,10
https://d1w8cc2yygc27j.cloudfront.net/-2729158550567933034/2511965166830818948.jpg,10
https://d1w8cc2yygc27j.cloudfront.net/4463797587869642997/-2928508693366008319.jpg,10
https://d1w8cc2yygc27j.cloudfront.net/4502392413623314601/3203613308858488804.jpg,10
https://d1w8cc2yygc27j.cloudfront.net/-2592669923462182319/-8517595202104119626.jpg,10
https://d1w8cc2yygc27j.cloudfront.net/-8276349897360898999/1349994915448828058.jpg,10
https://d1w8cc2yygc27j.cloudfront.net/3167865015644549900/-3200673389908626254.jpg,10
https://d1w8cc2yygc27j.cloudfront.net/3329104230596801945/-4331162177119038491.jpg,10
https://d1w8cc2yygc27j.cloudfront.net/-8775360139532204434/6864461194885503892.jpg,10
https://d1w8cc2yygc27j.cloudfront.net/-6738649131912174486/5896087741087982040.jpg,10
https://d1w8cc2yygc27j.cloudfront.net/2659340492136685663/-749281705999222036.jpg,10
https://d1w8cc2yygc27j.cloudfront.net/-741065287809740970/-2675315424374245171.jpg,8
https://d1w8cc2yygc27j.cloudfront.net/-5213937732802512108/5682015045821721413.jpg,10
https://d1w8cc2yygc27j.cloudfront.net/-8721984643184404741/-1744685192646819459.jpg,10
https://d1w8cc2yygc27j.cloudfront.net/-1076769249698415227/-1433912505619871984.jpg,10
https://d1w8cc2yygc27j.cloudfront.net/-2267099185669117117/-3254749954069364557.jpg,10
https://d1w8cc2yygc27j.cloudfront.net/-3227579202859407039/1186104794803961407.jpg,10
https://d1w8cc2yygc27j.cloudfront.net/906123082114238931/1705741400467255323.jpg,10
https://d1w8cc2yygc27j.cloudfront.net/-2420042143353676623/6239139159565290420.jpg,10
https://d1w8cc2yygc27j.cloudfront.net/-2866512567589986365/5307072603794949524.jpg,10
https://d1w8cc2yygc27j.cloudfront.net/3197091312628308721/-8128193981821347389.jpg,10
https://d1w8cc2yygc27j.cloudfront.net/3827094830989327563/-6089043260795257909.jpg,10
https://d1w8cc2yygc27j.cloudfront.net/-666134527306406193/-8972532302674138965.jpg,10
https://d1w8cc2yygc27j.cloudfront.net/-6375210759635443670/-3458441493426351029.jpg,10
https://d1w8cc2yygc27j.cloudfront.net/-6770337641585156763/-7146748639010413579.jpg,10
https://d1w8cc2yygc27j.cloudfront.net/6379571987843260283/-3332613281648769327.jpg,10
https://d1w8cc2yygc27j.cloudfront.net/6745579146845293836/-7939922145943585899.jpg,10
https://d1w8cc2yygc27j.cloudfront.net/5230291378491614291/-447143098072697223.jpg,10
https://d1w8cc2yygc27j.cloudfront.net/-8823170644558280242/-5116771668754613516.jpg,10
https://d1w8cc2yygc27j.cloudfront.net/4920611888991240079/-8105943158061988276.jpg,10
https://d1w8cc2yygc27j.cloudfront.net/-453323119712203849/2639218969203358952.jpg,10
https://d1w8cc2yygc27j.cloudfront.net/9038823468312146537/6746343080245912379.jpg,10
https://d1w8cc2yygc27j.cloudfront.net/-6461479341669347562/1721578040412975780.jpg,10
https://d1w8cc2yygc27j.cloudfront.net/-2088945308571071690/-4926311372031347599.jpg,10
https://d1w8cc2yygc27j.cloudfront.net/626363287658114854/-3101348846939891969.jpg,10
https://d1w8cc2yygc27j.cloudfront.net/3656424873068406625/-470549412556424022.jpg,10
https://d1w8cc2yygc27j.cloudfront.net/-5136321373973179852/-8994355845153577474.jpg,9
https://d1w8cc2yygc27j.cloudfront.net/-8824331726720936882/-7355943747980776206.jpg,10
https://d1w8cc2yygc27j.cloudfront.net/-279038197120279006/-8233585768742879254.jpg,10
https://d1w8cc2yygc27j.cloudfront.net/-5208226940406715956/-8994355845153577474.jpg,9
https://d1w8cc2yygc27j.cloudfront.net/-4915641712623820966/-7700071469857200692.jpg,10
https://d1w8cc2yygc27j.cloudfront.net/-7715091036590995426/-6732009274920008342.jpg,10
https://d1w8cc2yygc27j.cloudfront.net/-4231415600769955613/768415168182055303.jpg,10
https://d1w8cc2yygc27j.cloudfront.net/-7773345962042574443/-9061243105229049117.jpg,9
https://d1w8cc2yygc27j.cloudfront.net/3083933580618333894/-231936319830018252.jpg,9
https://d1w8cc2yygc27j.cloudfront.net/-3964956332703288638/-3208871641535609878.jpg,10
https://d1w8cc2yygc27j.cloudfront.net/-6006219804157873861/950942682072092656.jpg,10
https://d1w8cc2yygc27j.cloudfront.net/-1935861355821818600/-613469752030270155.jpg,10
https://d1w8cc2yygc27j.cloudfront.net/-1464269743903513801/-4839944818629733236.jpg,10
https://d1w8cc2yygc27j.cloudfront.net/-5327355632389034607/-6072337638986004802.jpg,10
https://d1w8cc2yygc27j.cloudfront.net/4414345194547982799/5430877952729849533.jpg,9
https://d1w8cc2yygc27j.cloudfront.net/1770634901514814133/7140826965444203881.jpg,9
https://d1w8cc2yygc27j.cloudfront.net/-1944992645915182523/-3617346819058563979.jpg,10
https://d1w8cc2yygc27j.cloudfront.net/4843020584015747000/-1948690860111594799.jpg,10
https://d1w8cc2yygc27j.cloudfront.net/-257883764337979001/4553435578764053738.jpg,10
https://d1w8cc2yygc27j.cloudfront.net/8889747878489575999/2354924443586013999.jpg,9
https://d1w8cc2yygc27j.cloudfront.net/-4814804643756921596/3114605729713306549.jpg,10
https://d1w8cc2yygc27j.cloudfront.net/2581234712652809165/673731217859247977.jpg,10
https://d1w8cc2yygc27j.cloudfront.net/8720036912994042179/6107882417681402368.jpg,9
https://d1w8cc2yygc27j.cloudfront.net/3243835595627745304/-3237644674847712045.jpg,10
https://d1w8cc2yygc27j.cloudfront.net/-3777682525564160585/7508796095242697561.jpg,10
https://d1w8cc2yygc27j.cloudfront.net/-4494566980608218066/4940758294593100612.jpg,10
https://d1w8cc2yygc27j.cloudfront.net/-7493952565988139717/-4767122233524656176.jpg,10
https://d1w8cc2yygc27j.cloudfront.net/-1031574650715502713/-464076108706124166.jpg,10
https://d1w8cc2yygc27j.cloudfront.net/-1481715403021436820/5148026949227776967.jpg,10
https://d1w8cc2yygc27j.cloudfront.net/-2528490149303462841/3964660239312140581.jpg,10
https://d1w8cc2yygc27j.cloudfront.net/-808911606876220462/-8382913655873780337.jpg,10
https://d1w8cc2yygc27j.cloudfront.net/-8080989051273720702/-7981704132532194560.jpg,10
https://d1w8cc2yygc27j.cloudfront.net/-6807977565772802437/7620028519384964655.jpg,10
https://d1w8cc2yygc27j.cloudfront.net/890094904416065179/-7378225049709758456.jpg,9
https://d1w8cc2yygc27j.cloudfront.net/-6010613732875187252/8494444808906810123.jpg,10
https://d1w8cc2yygc27j.cloudfront.net/-687623420602060395/1658576812713143444.jpg,10
https://d1w8cc2yygc27j.cloudfront.net/-2464971398767173152/7903994225671644936.jpg,9
https://d1w8cc2yygc27j.cloudfront.net/3831683686835182973/4379296011864201148.jpg,10
https://d1w8cc2yygc27j.cloudfront.net/-423740956458873968/-1695016358273464273.jpg,10
https://d1w8cc2yygc27j.cloudfront.net/-2060334758282289736/70273095628950412.jpg,10
https://d1w8cc2yygc27j.cloudfront.net/7514303722006648589/8494444808906810123.jpg,10
https://d1w8cc2yygc27j.cloudfront.net/1311618499514635335/-1144675846850197976.jpg,10
https://d1w8cc2yygc27j.cloudfront.net/7058679471888532163/7585521679008209308.jpg,10
https://d1w8cc2yygc27j.cloudfront.net/4187794534982175961/4716360375984200100.jpg,10
https://d1w8cc2yygc27j.cloudfront.net/-2925417181552796662/5796971468787402748.jpg,10
https://d1w8cc2yygc27j.cloudfront.net/6262283111087527797/1760912581534279236.jpg,10
https://d1w8cc2yygc27j.cloudfront.net/-2093247845325370847/8494444808906810123.jpg,10
https://d1w8cc2yygc27j.cloudfront.net/-4168064916957272314/4320415057738033508.jpg,10
https://d1w8cc2yygc27j.cloudfront.net/-7199889493160438461/16055651289187004.jpg,10
https://d1w8cc2yygc27j.cloudfront.net/2248385804510600961/7291594209548840944.jpg,9
https://d1w8cc2yygc27j.cloudfront.net/-1536980103859419515/6059617786659335709.jpg,10
https://d1w8cc2yygc27j.cloudfront.net/258113840189611857/3940255625026787955.jpg,10
https://d1w8cc2yygc27j.cloudfront.net/-6521632095445979832/-932292076242460449.jpg,10
https://d1w8cc2yygc27j.cloudfront.net/5825405427526107567/-5508307592880878086.jpg,10
https://d1w8cc2yygc27j.cloudfront.net/-1361458446170853767/-3965846722581147501.jpg,10
https://d1w8cc2yygc27j.cloudfront.net/-7648889095046952247/-1250656166011704920.jpg,10
https://d1w8cc2yygc27j.cloudfront.net/7616561349705942422/-6546929185857379473.jpg,10
https://d1w8cc2yygc27j.cloudfront.net/7166619150738592730/4690261492984297226.jpg,10
https://d1w8cc2yygc27j.cloudfront.net/5088357628114390868/-7287487841667937655.jpg,10
https://d1w8cc2yygc27j.cloudfront.net/-2521243027306500847/1566830857337739571.jpg,9
https://d1w8cc2yygc27j.cloudfront.net/4689295088340473506/-4066823174773038092.jpg,10
https://d1w8cc2yygc27j.cloudfront.net/-2337587706686045355/-2572182165694005535.jpg,10
https://d1w8cc2yygc27j.cloudfront.net/-499208649772605490/2796676594484023932.jpg,9
https://d1w8cc2yygc27j.cloudfront.net/2139430906710273311/-6611658151459326232.jpg,9
https://d1w8cc2yygc27j.cloudfront.net/-2452478799585168896/-5798258110125343750.jpg,10
https://d1w8cc2yygc27j.cloudfront.net/8709169156510957511/-230544980388204139.jpg,10
https://d1w8cc2yygc27j.cloudfront.net/5430538227222969185/-1477565228046737140.jpg,10
https://d1w8cc2yygc27j.cloudfront.net/161853960951359507/-7423927437955682686.jpg,10
https://d1w8cc2yygc27j.cloudfront.net/-4051556191965426685/-7285099444344947331.jpg,9
https://d1w8cc2yygc27j.cloudfront.net/-1321739014327697860/1461547038000046624.jpg,10
https://d1w8cc2yygc27j.cloudfront.net/-2922577629733284444/-441469485674896828.jpg,10
https://d1w8cc2yygc27j.cloudfront.net/-614794082685300889/-3109381733801618534.jpg,10
https://d1w8cc2yygc27j.cloudfront.net/-4281840956789455295/9149427658050226853.jpg,10
https://d1w8cc2yygc27j.cloudfront.net/869744783743387631/1984394738519558323.jpg,10
https://d1w8cc2yygc27j.cloudfront.net/-9143999693780391992/8143667395997630740.jpg,10
https://d1w8cc2yygc27j.cloudfront.net/721842284496889017/-4355944572451210812.jpg,10
https://d1w8cc2yygc27j.cloudfront.net/1279891776329481397/8683122661342425033.jpg,10
https://d1w8cc2yygc27j.cloudfront.net/-207734159660973196/-1541233477477716580.jpg,10
https://d1w8cc2yygc27j.cloudfront.net/-9053914706775074944/-8003249280594131276.jpg,10
https://d1w8cc2yygc27j.cloudfront.net/-8136427587211158207/3100172606222091699.jpg,10
https://d1w8cc2yygc27j.cloudfront.net/-4582204552509780549/-95946271170271868.jpg,10
https://d1w8cc2yygc27j.cloudfront.net/-7924715391238823450/4930033348172586375.jpg,10
https://d1w8cc2yygc27j.cloudfront.net/4655783947547333511/265530012546949263.jpg,10
https://d1w8cc2yygc27j.cloudfront.net/1440596709508111905/3141605969402905826.jpg,10
https://d1w8cc2yygc27j.cloudfront.net/2073404978596216297/-6173933382776264583.jpg,9
https://d1w8cc2yygc27j.cloudfront.net/-685259727745488531/5434528995196713183.jpg,10
https://d1w8cc2yygc27j.cloudfront.net/1418423987094044279/5109019829671499746.jpg,10
https://d1w8cc2yygc27j.cloudfront.net/-5947763186742911085/9177861792129317042.jpg,10
https://d1w8cc2yygc27j.cloudfront.net/-4078138803916141237/-8093659615362822682.jpg,10
https://d1w8cc2yygc27j.cloudfront.net/225398954601428949/-285700153950493590.jpg,9
https://d1w8cc2yygc27j.cloudfront.net/-5241039597554810216/7142401080273001455.jpg,10
https://d1w8cc2yygc27j.cloudfront.net/-8403119334437529728/4512100344156929195.jpg,10
https://d1w8cc2yygc27j.cloudfront.net/1084654392143446366/-7347517173227794768.jpg,9
https://d1w8cc2yygc27j.cloudfront.net/-5200981594849008592/7142401080273001455.jpg,10
https://d1w8cc2yygc27j.cloudfront.net/-1072288872860306685/-5628587952548051165.jpg,10
https://d1w8cc2yygc27j.cloudfront.net/-5459614352794300006/1415889547295049939.jpg,10
https://d1w8cc2yygc27j.cloudfront.net/-6713804249258586402/7750504093744795213.jpg,10
https://d1w8cc2yygc27j.cloudfront.net/5354404988374217692/-7794635757051581348.jpg,10
https://d1w8cc2yygc27j.cloudfront.net/-8265689469134731794/5789594697652292798.jpg,10
https://d1w8cc2yygc27j.cloudfront.net/-5078926206277792630/-2746160671099903888.jpg,10
https://d1w8cc2yygc27j.cloudfront.net/-3566607391057926387/3740514385145877306.jpg,10
https://d1w8cc2yygc27j.cloudfront.net/-9022660678831788111/5386293331462865420.jpg,10
https://d1w8cc2yygc27j.cloudfront.net/-6008021003665975072/-4822657576878649686.jpg,10
https://d1w8cc2yygc27j.cloudfront.net/4575815043171274702/901266627010227644.jpg,10
https://d1w8cc2yygc27j.cloudfront.net/8151263318653043058/-3333365472590465244.jpg,10
https://d1w8cc2yygc27j.cloudfront.net/-2617831053384793643/-3866133595060133905.jpg,10
https://d1w8cc2yygc27j.cloudfront.net/-735315246250583240/8835058336239737323.jpg,9
https://d1w8cc2yygc27j.cloudfront.net/2762190417509815675/4798552248860319217.jpg,10
https://d1w8cc2yygc27j.cloudfront.net/2186289356585606620/-4034310843698679159.jpg,10
https://d1w8cc2yygc27j.cloudfront.net/-6802717027542238412/6581951704620813053.jpg,10
https://d1w8cc2yygc27j.cloudfront.net/7185950229504365148/-6139706389148241101.jpg,10
https://d1w8cc2yygc27j.cloudfront.net/4627845904213021411/-3203710794895362554.jpg,10
https://d1w8cc2yygc27j.cloudfront.net/5579277364737685389/8568436133610062199.jpg,10
https://d1w8cc2yygc27j.cloudfront.net/5476276827015419150/-1816279850551495167.jpg,10
https://d1w8cc2yygc27j.cloudfront.net/5816242722253469835/3409965712164320138.jpg,10
https://d1w8cc2yygc27j.cloudfront.net/-6870159595876125834/-5421398765169289897.jpg,10
https://d1w8cc2yygc27j.cloudfront.net/-1121391329246588774/8568436133610062199.jpg,10
https://d1w8cc2yygc27j.cloudfront.net/-5483164296613507633/-4034310843698679159.jpg,10
https://d1w8cc2yygc27j.cloudfront.net/-4465753473259158277/-1816279850551495167.jpg,10
https://d1w8cc2yygc27j.cloudfront.net/1851404498959967587/609568126060718389.jpg,10
https://d1w8cc2yygc27j.cloudfront.net/-4949586031113446506/4974000368909218343.jpg,10
https://d1w8cc2yygc27j.cloudfront.net/-4279644589974332257/-7680976713415018420.jpg,10
https://d1w8cc2yygc27j.cloudfront.net/6136513487093717892/4132329924874837485.jpg,10
https://d1w8cc2yygc27j.cloudfront.net/2806354434705293394/-494400435427227756.jpg,9
https://d1w8cc2yygc27j.cloudfront.net/1686939724736188288/-2862472472676210246.jpg,10
https://d1w8cc2yygc27j.cloudfront.net/-1620638041742553716/-5513641685394126687.jpg,10
https://d1w8cc2yygc27j.cloudfront.net/1303670512084198039/-2727235865436045878.jpg,10
https://d1w8cc2yygc27j.cloudfront.net/-8713724708908077348/8545497612463785987.jpg,10
https://d1w8cc2yygc27j.cloudfront.net/4585831030028961099/6019776359042098668.jpg,9
https://d1w8cc2yygc27j.cloudfront.net/8705864301088245603/-1501333886939020261.jpg,10
https://d1w8cc2yygc27j.cloudfront.net/5685778345544493913/-812468607260155417.jpg,9
https://d1w8cc2yygc27j.cloudfront.net/4803787001075173997/1714773725004296610.jpg,9
https://d1w8cc2yygc27j.cloudfront.net/-8629125568461574296/-7314031364449721855.jpg,10
https://d1w8cc2yygc27j.cloudfront.net/-1777842093399832979/2115651962248739206.jpg,10
https://d1w8cc2yygc27j.cloudfront.net/1141785203513121871/-8621471953608899549.jpg,10
https://d1w8cc2yygc27j.cloudfront.net/3044915444043549546/5877778334337369664.jpg,9
https://d1w8cc2yygc27j.cloudfront.net/6109788708832504213/2267365401236763773.jpg,10
https://d1w8cc2yygc27j.cloudfront.net/5088117754850792505/-7314031364449721855.jpg,10
https://d1w8cc2yygc27j.cloudfront.net/-5203267896832486198/5101328755564081649.jpg,9
https://d1w8cc2yygc27j.cloudfront.net/5380026760835738196/-8328915056670467246.jpg,10
https://d1w8cc2yygc27j.cloudfront.net/2964814305524132600/-1815192821146316058.jpg,10
https://d1w8cc2yygc27j.cloudfront.net/4479829351374276943/3688202269570865426.jpg,10
https://d1w8cc2yygc27j.cloudfront.net/1419603120883074235/5935524203685230950.jpg,10
https://d1w8cc2yygc27j.cloudfront.net/469374729151756654/-4678425869514160483.jpg,9
https://d1w8cc2yygc27j.cloudfront.net/-852069968775182734/5680246496989494045.jpg,9
https://d1w8cc2yygc27j.cloudfront.net/836455267675414031/265571376555915837.jpg,10
https://d1w8cc2yygc27j.cloudfront.net/3831131065348750111/-278383821727924090.jpg,10
https://d1w8cc2yygc27j.cloudfront.net/-7772655064944376696/5935524203685230950.jpg,10
https://d1w8cc2yygc27j.cloudfront.net/-2264169107234624775/-9155561475164050892.jpg,10
https://d1w8cc2yygc27j.cloudfront.net/1914232632930640250/-2764045329538733810.jpg,10
https://d1w8cc2yygc27j.cloudfront.net/-7905172060807548832/-1550310324547543513.jpg,10
https://d1w8cc2yygc27j.cloudfront.net/-2261614837866000374/2211453478375984073.jpg,10
https://d1w8cc2yygc27j.cloudfront.net/-5918827713846855273/951518025799866094.jpg,10
https://d1w8cc2yygc27j.cloudfront.net/-530321872691606456/-3169975694834779766.jpg,10
https://d1w8cc2yygc27j.cloudfront.net/-7635786591987159242/5025136844820440491.jpg,10
https://d1w8cc2yygc27j.cloudfront.net/369034091435001616/-9037906844776752790.jpg,9
https://d1w8cc2yygc27j.cloudfront.net/6145321810946215110/-6522166007353499641.jpg,10
https://d1w8cc2yygc27j.cloudfront.net/-2179060146405165897/6832212248352151187.jpg,9
https://d1w8cc2yygc27j.cloudfront.net/-3466635242597556992/3299732241170074796.jpg,10
https://d1w8cc2yygc27j.cloudfront.net/7470704224362690297/-177256484228936175.jpg,9
https://d1w8cc2yygc27j.cloudfront.net/-5974885203166304140/1819583052370933593.jpg,10
https://d1w8cc2yygc27j.cloudfront.net/5836644243215183784/-4687585411486002558.jpg,9
https://d1w8cc2yygc27j.cloudfront.net/1510767242192425437/388437701392301247.jpg,9
https://d1w8cc2yygc27j.cloudfront.net/7847107809845016879/-8631379833889463385.jpg,9
https://d1w8cc2yygc27j.cloudfront.net/7092985659432950146/-8996959177074657952.jpg,10
https://d1w8cc2yygc27j.cloudfront.net/6533226505017826710/-5406725748162704168.jpg,10
https://d1w8cc2yygc27j.cloudfront.net/5786307008680795418/-3965858379577069300.jpg,9
https://d1w8cc2yygc27j.cloudfront.net/-3298780330713986038/-8279840637126980553.jpg,10
https://d1w8cc2yygc27j.cloudfront.net/5154983585902063276/-1387149693320083949.jpg,9
https://d1w8cc2yygc27j.cloudfront.net/-6628202179062281486/-6283941820990242116.jpg,10
https://d1w8cc2yygc27j.cloudfront.net/-62094943493422475/-1513284731472826792.jpg,10
https://d1w8cc2yygc27j.cloudfront.net/-7933164933920399152/5977808909745558413.jpg,10
https://d1w8cc2yygc27j.cloudfront.net/352633591985588005/-5406725748162704168.jpg,10
https://d1w8cc2yygc27j.cloudfront.net/-3960218271998746226/5165575045980854054.jpg,10
https://d1w8cc2yygc27j.cloudfront.net/903891413606046708/-8593020331273574741.jpg,10
https://d1w8cc2yygc27j.cloudfront.net/-146645433161508269/2952959297101862435.jpg,10
https://d1w8cc2yygc27j.cloudfront.net/-6114529065120331713/-683386487343312566.jpg,10
https://d1w8cc2yygc27j.cloudfront.net/-7075833676806884782/-4275574589107642404.jpg,10
https://d1w8cc2yygc27j.cloudfront.net/4172844746976952270/-1266787430664632996.jpg,10
https://d1w8cc2yygc27j.cloudfront.net/1307810378920032031/-2070435469844813546.jpg,9
https://d1w8cc2yygc27j.cloudfront.net/-4716289888753952265/8034882165043172659.jpg,10
https://d1w8cc2yygc27j.cloudfront.net/1162734433929169873/1037287534051495287.jpg,10
https://d1w8cc2yygc27j.cloudfront.net/1916814453192862081/-654926048185865113.jpg,10
https://d1w8cc2yygc27j.cloudfront.net/5052441132360451707/8804032078159677656.jpg,10
https://d1w8cc2yygc27j.cloudfront.net/-5259446631516474088/5631549026838034832.jpg,10
https://d1w8cc2yygc27j.cloudfront.net/-2999331264505746917/2792861645760605575.jpg,10
https://d1w8cc2yygc27j.cloudfront.net/-3570297572048918900/-2387138336338230203.jpg,10
https://d1w8cc2yygc27j.cloudfront.net/674833237913451832/258333216428045074.jpg,10
https://d1w8cc2yygc27j.cloudfront.net/1704860428564447124/-413333843822846141.jpg,10
https://d1w8cc2yygc27j.cloudfront.net/-738502765043191234/-4722326923464228374.jpg,10
https://d1w8cc2yygc27j.cloudfront.net/-2980817922664092126/4572983321693548779.jpg,10
https://d1w8cc2yygc27j.cloudfront.net/5227108505253588229/5567758654158538266.jpg,10
https://d1w8cc2yygc27j.cloudfront.net/-4400623468890333689/2589207089216400460.jpg,9
https://d1w8cc2yygc27j.cloudfront.net/-4256765793372839443/-6441700583320707970.jpg,10
https://d1w8cc2yygc27j.cloudfront.net/-454155792702616508/3422893226557366289.jpg,10
https://d1w8cc2yygc27j.cloudfront.net/-5752189779226897763/-7984576357100117056.jpg,10
https://d1w8cc2yygc27j.cloudfront.net/-8845872693951737115/-6108584731500819351.jpg,10
https://d1w8cc2yygc27j.cloudfront.net/3634802854310761236/-1304447034557244431.jpg,9
https://d1w8cc2yygc27j.cloudfront.net/2428164256489605237/9007785908497815210.jpg,9
https://d1w8cc2yygc27j.cloudfront.net/-7163761310435700323/-1060623858600804236.jpg,10
https://d1w8cc2yygc27j.cloudfront.net/1499822965273309795/-1735265238809157268.jpg,10
https://d1w8cc2yygc27j.cloudfront.net/2063036908137775392/-1832824428127369044.jpg,10
https://d1w8cc2yygc27j.cloudfront.net/-1669553378465065853/5981369374344107802.jpg,10
https://d1w8cc2yygc27j.cloudfront.net/-5120981409136159907/-2932867424385327446.jpg,10
https://d1w8cc2yygc27j.cloudfront.net/-7220459397417799516/710617034030186619.jpg,10
https://d1w8cc2yygc27j.cloudfront.net/-493555460864259822/-2635259053204544749.jpg,10
https://d1w8cc2yygc27j.cloudfront.net/1228919754003309973/4719742533543301808.jpg,10
https://d1w8cc2yygc27j.cloudfront.net/7780246432307831670/6820150922072452876.jpg,10
https://d1w8cc2yygc27j.cloudfront.net/-6366801201270321023/-1830085850561248947.jpg,10
https://d1w8cc2yygc27j.cloudfront.net/-577265247972258174/-4465819709387884873.jpg,9
https://d1w8cc2yygc27j.cloudfront.net/-5022419884148734158/-2268766663085259333.jpg,10
https://d1w8cc2yygc27j.cloudfront.net/-2824774157154332926/6637307134421807022.jpg,10
https://d1w8cc2yygc27j.cloudfront.net/-3819624647140023005/1042033783642856583.jpg,10
https://d1w8cc2yygc27j.cloudfront.net/3272434051307933035/679243953046353802.jpg,10
https://d1w8cc2yygc27j.cloudfront.net/484149261091874413/3130899152798734476.jpg,10
https://d1w8cc2yygc27j.cloudfront.net/-5901519442369087999/-284640504511428254.jpg,10
https://d1w8cc2yygc27j.cloudfront.net/-1960912573951816083/-698058888119868638.jpg,10
https://d1w8cc2yygc27j.cloudfront.net/6546567994362916534/6809415231981792760.jpg,10
https://d1w8cc2yygc27j.cloudfront.net/2650029306377021142/1659894921094631384.jpg,10
https://d1w8cc2yygc27j.cloudfront.net/7168924074485275141/-2932867424385327446.jpg,10
https://d1w8cc2yygc27j.cloudfront.net/6353217947097775783/7661618615116522010.jpg,9
https://d1w8cc2yygc27j.cloudfront.net/8047541654989103186/7710906006171955386.jpg,10
https://d1w8cc2yygc27j.cloudfront.net/5168868040723622126/6508165518741397682.jpg,10
https://d1w8cc2yygc27j.cloudfront.net/-2728553239125482388/-3797478887339013670.jpg,10
https://d1w8cc2yygc27j.cloudfront.net/2718512201840316700/-1150263165565342976.jpg,10
https://d1w8cc2yygc27j.cloudfront.net/-6465494253390430766/-775276101812393984.jpg,10
https://d1w8cc2yygc27j.cloudfront.net/-4240962942441385749/-3804328262712143466.jpg,10
https://d1w8cc2yygc27j.cloudfront.net/6303599496866819454/-1357114988633964419.jpg,10
https://d1w8cc2yygc27j.cloudfront.net/-8889482452537031489/8946072451809238135.jpg,10
https://d1w8cc2yygc27j.cloudfront.net/-1478102456403048442/-1815462704826992615.jpg,10
https://d1w8cc2yygc27j.cloudfront.net/730925780129903151/1032806732247831679.jpg,8
https://d1w8cc2yygc27j.cloudfront.net/3153069803217189379/-5863178619141799260.jpg,10
https://d1w8cc2yygc27j.cloudfront.net/5207934460573857852/-3670299084112939080.jpg,10
https://d1w8cc2yygc27j.cloudfront.net/2466074738932969530/-7966935696821664572.jpg,10
https://d1w8cc2yygc27j.cloudfront.net/-530641325777737262/-1239083056427783889.jpg,10
https://d1w8cc2yygc27j.cloudfront.net/2092181843140043831/-5645926721962253134.jpg,10
https://d1w8cc2yygc27j.cloudfront.net/2073519954540359582/3848793101777975573.jpg,10
https://d1w8cc2yygc27j.cloudfront.net/3516935098981176888/6835420075853081919.jpg,10
https://d1w8cc2yygc27j.cloudfront.net/-4443396795004758801/4215873575908390201.jpg,10
https://d1w8cc2yygc27j.cloudfront.net/-1179647645637608911/4312533232004608681.jpg,10
https://d1w8cc2yygc27j.cloudfront.net/7390861249380792033/6835420075853081919.jpg,10
https://d1w8cc2yygc27j.cloudfront.net/-1268427252821858289/3409450921892524672.jpg,10
https://d1w8cc2yygc27j.cloudfront.net/-7136233307251758892/-6284222995296289530.jpg,10
https://d1w8cc2yygc27j.cloudfront.net/2860290564632665926/135769320571407788.jpg,10
https://d1w8cc2yygc27j.cloudfront.net/-4261085719007901558/55875349158368323.jpg,10
https://d1w8cc2yygc27j.cloudfront.net/281132290553670267/5372643485040558250.jpg,10
https://d1w8cc2yygc27j.cloudfront.net/7551862305927562343/-2215255309257362571.jpg,10
https://d1w8cc2yygc27j.cloudfront.net/-5762044705355512152/-3438802744316924656.jpg,10
https://d1w8cc2yygc27j.cloudfront.net/-7097302397470048868/-8292975981407618662.jpg,10
https://d1w8cc2yygc27j.cloudfront.net/572089251463575390/4697992797963207963.jpg,10
https://d1w8cc2yygc27j.cloudfront.net/4268573304693476926/4697992797963207963.jpg,10
https://d1w8cc2yygc27j.cloudfront.net/-185214973328757505/-5503939298856989802.jpg,9
https://d1w8cc2yygc27j.cloudfront.net/7812143343338993123/5774995170293355938.jpg,10
https://d1w8cc2yygc27j.cloudfront.net/-8241464588378232355/-3742589865876036222.jpg,10
https://d1w8cc2yygc27j.cloudfront.net/429482867344866826/-1205774066196104786.jpg,10
https://d1w8cc2yygc27j.cloudfront.net/4128375479847666827/3749687309025341113.jpg,10
https://d1w8cc2yygc27j.cloudfront.net/1052757760362245675/-7632074728526462697.jpg,9
https://d1w8cc2yygc27j.cloudfront.net/990599955777156650/-7323060006422967961.jpg,10
https://d1w8cc2yygc27j.cloudfront.net/-4031357979542942275/7575257225441725331.jpg,10
https://d1w8cc2yygc27j.cloudfront.net/-6691461738889655857/-1310200218061563038.jpg,10
https://d1w8cc2yygc27j.cloudfront.net/1098136794086968132/-4250753759696530566.jpg,10
https://d1w8cc2yygc27j.cloudfront.net/-4219238192718386792/-5311406125194620645.jpg,10
https://d1w8cc2yygc27j.cloudfront.net/-3560204064397470701/-8250682109612100065.jpg,10
https://d1w8cc2yygc27j.cloudfront.net/5728392261172798108/-1310200218061563038.jpg,10
https://d1w8cc2yygc27j.cloudfront.net/-5944166446825145085/5421031088816045782.jpg,10
https://d1w8cc2yygc27j.cloudfront.net/-5760218265470194539/-4020902905393857.jpg,10
https://d1w8cc2yygc27j.cloudfront.net/7206279846903350320/8632990692805872135.jpg,10
https://d1w8cc2yygc27j.cloudfront.net/4598342372384622273/-3785253630983810476.jpg,10
https://d1w8cc2yygc27j.cloudfront.net/2315331480679682225/-5163149911804860613.jpg,10
https://d1w8cc2yygc27j.cloudfront.net/6994221564398415746/-3785253630983810476.jpg,10
https://d1w8cc2yygc27j.cloudfront.net/-349270865633779583/-140644951380199975.jpg,10
https://d1w8cc2yygc27j.cloudfront.net/2870044740972581328/5772552000250145629.jpg,10
https://d1w8cc2yygc27j.cloudfront.net/6483094536053611395/-5141084094885377358.jpg,10
https://d1w8cc2yygc27j.cloudfront.net/-85896679955281398/4100726880426125669.jpg,10
https://d1w8cc2yygc27j.cloudfront.net/-5113461473555208961/-4922807064333124957.jpg,9
https://d1w8cc2yygc27j.cloudfront.net/-161333251341883149/67366637122892740.jpg,10
https://d1w8cc2yygc27j.cloudfront.net/3060327578365250722/220986809455990447.jpg,10
https://d1w8cc2yygc27j.cloudfront.net/1686319342041389557/-7586868963857541746.jpg,10
https://d1w8cc2yygc27j.cloudfront.net/234265176279789790/-2987465246152584822.jpg,10
https://d1w8cc2yygc27j.cloudfront.net/6271377437474194661/3039304845398049095.jpg,10
https://d1w8cc2yygc27j.cloudfront.net/-1273915678084705759/6963179397544844671.jpg,10
https://d1w8cc2yygc27j.cloudfront.net/4435595151428474253/-2435996422249756383.jpg,10
https://d1w8cc2yygc27j.cloudfront.net/-6412027951910576353/2962923242838682457.jpg,10
https://d1w8cc2yygc27j.cloudfront.net/-327941826106005214/-4418893425852980542.jpg,10
https://d1w8cc2yygc27j.cloudfront.net/-7186556266543756212/-8838437861018281902.jpg,10
https://d1w8cc2yygc27j.cloudfront.net/-4938933385493884266/733224140722612757.jpg,10
https://d1w8cc2yygc27j.cloudfront.net/-8833366250981831090/-3456369558361599022.jpg,10
https://d1w8cc2yygc27j.cloudfront.net/2789929725979833598/5029208596441422197.jpg,10
https://d1w8cc2yygc27j.cloudfront.net/-6684619735344699628/8288579498145090666.jpg,10
https://d1w8cc2yygc27j.cloudfront.net/14151801703259419/-4957646329140852223.jpg,10
https://d1w8cc2yygc27j.cloudfront.net/-2729158550567933034/2511965166830818948.jpg,10
https://d1w8cc2yygc27j.cloudfront.net/4463797587869642997/-2928508693366008319.jpg,10
https://d1w8cc2yygc27j.cloudfront.net/4502392413623314601/3203613308858488804.jpg,10
https://d1w8cc2yygc27j.cloudfront.net/-2592669923462182319/-8517595202104119626.jpg,10
https://d1w8cc2yygc27j.cloudfront.net/-8276349897360898999/1349994915448828058.jpg,10
https://d1w8cc2yygc27j.cloudfront.net/3167865015644549900/-3200673389908626254.jpg,10
https://d1w8cc2yygc27j.cloudfront.net/3329104230596801945/-4331162177119038491.jpg,10
https://d1w8cc2yygc27j.cloudfront.net/-8775360139532204434/6864461194885503892.jpg,10
https://d1w8cc2yygc27j.cloudfront.net/-6738649131912174486/5896087741087982040.jpg,10
https://d1w8cc2yygc27j.cloudfront.net/2659340492136685663/-749281705999222036.jpg,10
https://d1w8cc2yygc27j.cloudfront.net/-741065287809740970/-2675315424374245171.jpg,8
https://d1w8cc2yygc27j.cloudfront.net/-5213937732802512108/5682015045821721413.jpg,10
https://d1w8cc2yygc27j.cloudfront.net/-8721984643184404741/-1744685192646819459.jpg,10
https://d1w8cc2yygc27j.cloudfront.net/-1076769249698415227/-1433912505619871984.jpg,10
https://d1w8cc2yygc27j.cloudfront.net/-2267099185669117117/-3254749954069364557.jpg,10
https://d1w8cc2yygc27j.cloudfront.net/-3227579202859407039/1186104794803961407.jpg,10
https://d1w8cc2yygc27j.cloudfront.net/906123082114238931/1705741400467255323.jpg,10
https://d1w8cc2yygc27j.cloudfront.net/-2420042143353676623/6239139159565290420.jpg,10
https://d1w8cc2yygc27j.cloudfront.net/-2866512567589986365/5307072603794949524.jpg,10
https://d1w8cc2yygc27j.cloudfront.net/3197091312628308721/-8128193981821347389.jpg,10
https://d1w8cc2yygc27j.cloudfront.net/3827094830989327563/-6089043260795257909.jpg,10
https://d1w8cc2yygc27j.cloudfront.net/-666134527306406193/-8972532302674138965.jpg,10
https://d1w8cc2yygc27j.cloudfront.net/-6375210759635443670/-3458441493426351029.jpg,10
https://d1w8cc2yygc27j.cloudfront.net/-6770337641585156763/-7146748639010413579.jpg,10
https://d1w8cc2yygc27j.cloudfront.net/6379571987843260283/-3332613281648769327.jpg,10
https://d1w8cc2yygc27j.cloudfront.net/6745579146845293836/-7939922145943585899.jpg,10
https://d1w8cc2yygc27j.cloudfront.net/5230291378491614291/-447143098072697223.jpg,10
https://d1w8cc2yygc27j.cloudfront.net/-8823170644558280242/-5116771668754613516.jpg,10
https://d1w8cc2yygc27j.cloudfront.net/4920611888991240079/-8105943158061988276.jpg,10
https://d1w8cc2yygc27j.cloudfront.net/-453323119712203849/2639218969203358952.jpg,10
https://d1w8cc2yygc27j.cloudfront.net/9038823468312146537/6746343080245912379.jpg,10
https://d1w8cc2yygc27j.cloudfront.net/-6461479341669347562/1721578040412975780.jpg,10
https://d1w8cc2yygc27j.cloudfront.net/-2088945308571071690/-4926311372031347599.jpg,10
https://d1w8cc2yygc27j.cloudfront.net/626363287658114854/-3101348846939891969.jpg,10
https://d1w8cc2yygc27j.cloudfront.net/3656424873068406625/-470549412556424022.jpg,10
https://d1w8cc2yygc27j.cloudfront.net/-5136321373973179852/-8994355845153577474.jpg,9
https://d1w8cc2yygc27j.cloudfront.net/-8824331726720936882/-7355943747980776206.jpg,10
https://d1w8cc2yygc27j.cloudfront.net/-279038197120279006/-8233585768742879254.jpg,10
https://d1w8cc2yygc27j.cloudfront.net/-5208226940406715956/-8994355845153577474.jpg,9
https://d1w8cc2yygc27j.cloudfront.net/-4915641712623820966/-7700071469857200692.jpg,10
https://d1w8cc2yygc27j.cloudfront.net/-7715091036590995426/-6732009274920008342.jpg,10
https://d1w8cc2yygc27j.cloudfront.net/-4231415600769955613/768415168182055303.jpg,10
https://d1w8cc2yygc27j.cloudfront.net/-7773345962042574443/-9061243105229049117.jpg,9
https://d1w8cc2yygc27j.cloudfront.net/3083933580618333894/-231936319830018252.jpg,9
https://d1w8cc2yygc27j.cloudfront.net/-3964956332703288638/-3208871641535609878.jpg,10
https://d1w8cc2yygc27j.cloudfront.net/-6006219804157873861/950942682072092656.jpg,10
https://d1w8cc2yygc27j.cloudfront.net/-1935861355821818600/-613469752030270155.jpg,10
https://d1w8cc2yygc27j.cloudfront.net/-1464269743903513801/-4839944818629733236.jpg,10
https://d1w8cc2yygc27j.cloudfront.net/-5327355632389034607/-6072337638986004802.jpg,10
https://d1w8cc2yygc27j.cloudfront.net/4414345194547982799/5430877952729849533.jpg,9
https://d1w8cc2yygc27j.cloudfront.net/1770634901514814133/7140826965444203881.jpg,9
https://d1w8cc2yygc27j.cloudfront.net/-1944992645915182523/-3617346819058563979.jpg,10
https://d1w8cc2yygc27j.cloudfront.net/4843020584015747000/-1948690860111594799.jpg,10
https://d1w8cc2yygc27j.cloudfront.net/-257883764337979001/4553435578764053738.jpg,10
https://d1w8cc2yygc27j.cloudfront.net/8889747878489575999/2354924443586013999.jpg,9
https://d1w8cc2yygc27j.cloudfront.net/-4814804643756921596/3114605729713306549.jpg,10
https://d1w8cc2yygc27j.cloudfront.net/2581234712652809165/673731217859247977.jpg,10
https://d1w8cc2yygc27j.cloudfront.net/8720036912994042179/6107882417681402368.jpg,9
https://d1w8cc2yygc27j.cloudfront.net/3243835595627745304/-3237644674847712045.jpg,10
https://d1w8cc2yygc27j.cloudfront.net/-3777682525564160585/7508796095242697561.jpg,10
https://d1w8cc2yygc27j.cloudfront.net/-4494566980608218066/4940758294593100612.jpg,10
https://d1w8cc2yygc27j.cloudfront.net/-7493952565988139717/-4767122233524656176.jpg,10
https://d1w8cc2yygc27j.cloudfront.net/-1031574650715502713/-464076108706124166.jpg,10
https://d1w8cc2yygc27j.cloudfront.net/-1481715403021436820/5148026949227776967.jpg,10
https://d1w8cc2yygc27j.cloudfront.net/-2528490149303462841/3964660239312140581.jpg,10
https://d1w8cc2yygc27j.cloudfront.net/-808911606876220462/-8382913655873780337.jpg,10
https://d1w8cc2yygc27j.cloudfront.net/-8080989051273720702/-7981704132532194560.jpg,10
https://d1w8cc2yygc27j.cloudfront.net/-6807977565772802437/7620028519384964655.jpg,10
https://d1w8cc2yygc27j.cloudfront.net/890094904416065179/-7378225049709758456.jpg,9
https://d1w8cc2yygc27j.cloudfront.net/-6010613732875187252/8494444808906810123.jpg,10
https://d1w8cc2yygc27j.cloudfront.net/-687623420602060395/1658576812713143444.jpg,10
https://d1w8cc2yygc27j.cloudfront.net/-2464971398767173152/7903994225671644936.jpg,9
https://d1w8cc2yygc27j.cloudfront.net/3831683686835182973/4379296011864201148.jpg,10
https://d1w8cc2yygc27j.cloudfront.net/-423740956458873968/-1695016358273464273.jpg,10
https://d1w8cc2yygc27j.cloudfront.net/-2060334758282289736/70273095628950412.jpg,10
https://d1w8cc2yygc27j.cloudfront.net/7514303722006648589/8494444808906810123.jpg,10
https://d1w8cc2yygc27j.cloudfront.net/1311618499514635335/-1144675846850197976.jpg,10
https://d1w8cc2yygc27j.cloudfront.net/7058679471888532163/7585521679008209308.jpg,10
https://d1w8cc2yygc27j.cloudfront.net/4187794534982175961/4716360375984200100.jpg,10
https://d1w8cc2yygc27j.cloudfront.net/-2925417181552796662/5796971468787402748.jpg,10
https://d1w8cc2yygc27j.cloudfront.net/6262283111087527797/1760912581534279236.jpg,10
https://d1w8cc2yygc27j.cloudfront.net/-2093247845325370847/8494444808906810123.jpg,10
https://d1w8cc2yygc27j.cloudfront.net/-4168064916957272314/4320415057738033508.jpg,10
https://d1w8cc2yygc27j.cloudfront.net/-7199889493160438461/16055651289187004.jpg,10
https://d1w8cc2yygc27j.cloudfront.net/2248385804510600961/7291594209548840944.jpg,9
https://d1w8cc2yygc27j.cloudfront.net/-1536980103859419515/6059617786659335709.jpg,10
https://d1w8cc2yygc27j.cloudfront.net/258113840189611857/3940255625026787955.jpg,10
https://d1w8cc2yygc27j.cloudfront.net/-6521632095445979832/-932292076242460449.jpg,10
https://d1w8cc2yygc27j.cloudfront.net/5825405427526107567/-5508307592880878086.jpg,10
https://d1w8cc2yygc27j.cloudfront.net/-1361458446170853767/-3965846722581147501.jpg,10
https://d1w8cc2yygc27j.cloudfront.net/-7648889095046952247/-1250656166011704920.jpg,10
https://d1w8cc2yygc27j.cloudfront.net/7616561349705942422/-6546929185857379473.jpg,10
https://d1w8cc2yygc27j.cloudfront.net/7166619150738592730/4690261492984297226.jpg,10
https://d1w8cc2yygc27j.cloudfront.net/5088357628114390868/-7287487841667937655.jpg,10
https://d1w8cc2yygc27j.cloudfront.net/-2521243027306500847/1566830857337739571.jpg,9
https://d1w8cc2yygc27j.cloudfront.net/4689295088340473506/-4066823174773038092.jpg,10
https://d1w8cc2yygc27j.cloudfront.net/-2337587706686045355/-2572182165694005535.jpg,10
https://d1w8cc2yygc27j.cloudfront.net/-499208649772605490/2796676594484023932.jpg,9
https://d1w8cc2yygc27j.cloudfront.net/2139430906710273311/-6611658151459326232.jpg,9
https://d1w8cc2yygc27j.cloudfront.net/-2452478799585168896/-5798258110125343750.jpg,10
https://d1w8cc2yygc27j.cloudfront.net/8709169156510957511/-230544980388204139.jpg,10
https://d1w8cc2yygc27j.cloudfront.net/5430538227222969185/-1477565228046737140.jpg,10
https://d1w8cc2yygc27j.cloudfront.net/161853960951359507/-7423927437955682686.jpg,10
https://d1w8cc2yygc27j.cloudfront.net/-4051556191965426685/-7285099444344947331.jpg,9
https://d1w8cc2yygc27j.cloudfront.net/-1321739014327697860/1461547038000046624.jpg,10
https://d1w8cc2yygc27j.cloudfront.net/-2922577629733284444/-441469485674896828.jpg,10
https://d1w8cc2yygc27j.cloudfront.net/-614794082685300889/-3109381733801618534.jpg,10
https://d1w8cc2yygc27j.cloudfront.net/-4281840956789455295/9149427658050226853.jpg,10
https://d1w8cc2yygc27j.cloudfront.net/869744783743387631/1984394738519558323.jpg,10
https://d1w8cc2yygc27j.cloudfront.net/-9143999693780391992/8143667395997630740.jpg,10
https://d1w8cc2yygc27j.cloudfront.net/721842284496889017/-4355944572451210812.jpg,10
https://d1w8cc2yygc27j.cloudfront.net/1279891776329481397/8683122661342425033.jpg,10
https://d1w8cc2yygc27j.cloudfront.net/-207734159660973196/-1541233477477716580.jpg,10
https://d1w8cc2yygc27j.cloudfront.net/-9053914706775074944/-8003249280594131276.jpg,10
https://d1w8cc2yygc27j.cloudfront.net/-8136427587211158207/3100172606222091699.jpg,10
https://d1w8cc2yygc27j.cloudfront.net/-4582204552509780549/-95946271170271868.jpg,10
https://d1w8cc2yygc27j.cloudfront.net/-7924715391238823450/4930033348172586375.jpg,10
https://d1w8cc2yygc27j.cloudfront.net/4655783947547333511/265530012546949263.jpg,10
https://d1w8cc2yygc27j.cloudfront.net/1440596709508111905/3141605969402905826.jpg,10
https://d1w8cc2yygc27j.cloudfront.net/2073404978596216297/-6173933382776264583.jpg,9
https://d1w8cc2yygc27j.cloudfront.net/-685259727745488531/5434528995196713183.jpg,10
https://d1w8cc2yygc27j.cloudfront.net/1418423987094044279/5109019829671499746.jpg,10
https://d1w8cc2yygc27j.cloudfront.net/-5947763186742911085/9177861792129317042.jpg,10
https://d1w8cc2yygc27j.cloudfront.net/-4078138803916141237/-8093659615362822682.jpg,10
https://d1w8cc2yygc27j.cloudfront.net/225398954601428949/-285700153950493590.jpg,9
https://d1w8cc2yygc27j.cloudfront.net/-5241039597554810216/7142401080273001455.jpg,10
https://d1w8cc2yygc27j.cloudfront.net/-8403119334437529728/4512100344156929195.jpg,10
https://d1w8cc2yygc27j.cloudfront.net/1084654392143446366/-7347517173227794768.jpg,9
https://d1w8cc2yygc27j.cloudfront.net/-5200981594849008592/7142401080273001455.jpg,10
https://d1w8cc2yygc27j.cloudfront.net/-1072288872860306685/-5628587952548051165.jpg,10
https://d1w8cc2yygc27j.cloudfront.net/-5459614352794300006/1415889547295049939.jpg,10
https://d1w8cc2yygc27j.cloudfront.net/-6713804249258586402/7750504093744795213.jpg,10
https://d1w8cc2yygc27j.cloudfront.net/5354404988374217692/-7794635757051581348.jpg,10
https://d1w8cc2yygc27j.cloudfront.net/-8265689469134731794/5789594697652292798.jpg,10
https://d1w8cc2yygc27j.cloudfront.net/-5078926206277792630/-2746160671099903888.jpg,10
https://d1w8cc2yygc27j.cloudfront.net/-3566607391057926387/3740514385145877306.jpg,10
https://d1w8cc2yygc27j.cloudfront.net/-9022660678831788111/5386293331462865420.jpg,10
https://d1w8cc2yygc27j.cloudfront.net/-6008021003665975072/-4822657576878649686.jpg,10
https://d1w8cc2yygc27j.cloudfront.net/4575815043171274702/901266627010227644.jpg,10
https://d1w8cc2yygc27j.cloudfront.net/8151263318653043058/-3333365472590465244.jpg,10
https://d1w8cc2yygc27j.cloudfront.net/-2617831053384793643/-3866133595060133905.jpg,10
https://d1w8cc2yygc27j.cloudfront.net/-735315246250583240/8835058336239737323.jpg,9
https://d1w8cc2yygc27j.cloudfront.net/2762190417509815675/4798552248860319217.jpg,10
https://d1w8cc2yygc27j.cloudfront.net/2186289356585606620/-4034310843698679159.jpg,10
https://d1w8cc2yygc27j.cloudfront.net/-6802717027542238412/6581951704620813053.jpg,10
https://d1w8cc2yygc27j.cloudfront.net/7185950229504365148/-6139706389148241101.jpg,10
https://d1w8cc2yygc27j.cloudfront.net/4627845904213021411/-3203710794895362554.jpg,10
https://d1w8cc2yygc27j.cloudfront.net/5579277364737685389/8568436133610062199.jpg,10
https://d1w8cc2yygc27j.cloudfront.net/5476276827015419150/-1816279850551495167.jpg,10
https://d1w8cc2yygc27j.cloudfront.net/5816242722253469835/3409965712164320138.jpg,10
https://d1w8cc2yygc27j.cloudfront.net/-6870159595876125834/-5421398765169289897.jpg,10
https://d1w8cc2yygc27j.cloudfront.net/-1121391329246588774/8568436133610062199.jpg,10
https://d1w8cc2yygc27j.cloudfront.net/-5483164296613507633/-4034310843698679159.jpg,10
https://d1w8cc2yygc27j.cloudfront.net/-4465753473259158277/-1816279850551495167.jpg,10
https://d1w8cc2yygc27j.cloudfront.net/1851404498959967587/609568126060718389.jpg,10
https://d1w8cc2yygc27j.cloudfront.net/-4949586031113446506/4974000368909218343.jpg,10
https://d1w8cc2yygc27j.cloudfront.net/-4279644589974332257/-7680976713415018420.jpg,10
https://d1w8cc2yygc27j.cloudfront.net/6136513487093717892/4132329924874837485.jpg,10
https://d1w8cc2yygc27j.cloudfront.net/2806354434705293394/-494400435427227756.jpg,9
https://d1w8cc2yygc27j.cloudfront.net/1686939724736188288/-2862472472676210246.jpg,10
https://d1w8cc2yygc27j.cloudfront.net/-1620638041742553716/-5513641685394126687.jpg,10
https://d1w8cc2yygc27j.cloudfront.net/1303670512084198039/-2727235865436045878.jpg,10
https://d1w8cc2yygc27j.cloudfront.net/-8713724708908077348/8545497612463785987.jpg,10
https://d1w8cc2yygc27j.cloudfront.net/4585831030028961099/6019776359042098668.jpg,9
https://d1w8cc2yygc27j.cloudfront.net/8705864301088245603/-1501333886939020261.jpg,10
https://d1w8cc2yygc27j.cloudfront.net/5685778345544493913/-812468607260155417.jpg,9
https://d1w8cc2yygc27j.cloudfront.net/4803787001075173997/1714773725004296610.jpg,9
https://d1w8cc2yygc27j.cloudfront.net/-8629125568461574296/-7314031364449721855.jpg,10
https://d1w8cc2yygc27j.cloudfront.net/-1777842093399832979/2115651962248739206.jpg,10
https://d1w8cc2yygc27j.cloudfront.net/1141785203513121871/-8621471953608899549.jpg,10
https://d1w8cc2yygc27j.cloudfront.net/3044915444043549546/5877778334337369664.jpg,9
https://d1w8cc2yygc27j.cloudfront.net/6109788708832504213/2267365401236763773.jpg,10
https://d1w8cc2yygc27j.cloudfront.net/5088117754850792505/-7314031364449721855.jpg,10
https://d1w8cc2yygc27j.cloudfront.net/-5203267896832486198/5101328755564081649.jpg,9
https://d1w8cc2yygc27j.cloudfront.net/5380026760835738196/-8328915056670467246.jpg,10
https://d1w8cc2yygc27j.cloudfront.net/2964814305524132600/-1815192821146316058.jpg,10
https://d1w8cc2yygc27j.cloudfront.net/4479829351374276943/3688202269570865426.jpg,10
https://d1w8cc2yygc27j.cloudfront.net/1419603120883074235/5935524203685230950.jpg,10
https://d1w8cc2yygc27j.cloudfront.net/469374729151756654/-4678425869514160483.jpg,9
https://d1w8cc2yygc27j.cloudfront.net/-852069968775182734/5680246496989494045.jpg,9
https://d1w8cc2yygc27j.cloudfront.net/836455267675414031/265571376555915837.jpg,10
https://d1w8cc2yygc27j.cloudfront.net/3831131065348750111/-278383821727924090.jpg,10
https://d1w8cc2yygc27j.cloudfront.net/-7772655064944376696/5935524203685230950.jpg,10
